PLAYER_ID,PLAYER_NAME,TEAM_ABBREVIATION,GP,DEF_RATING
1630182,Josh Green,DAL,22,109.7
1627884,Derrick Jones Jr.,DAL,22,107.8
1629029,Luka Dončić,DAL,22,109.4
1629655,Daniel Gafford,DAL,22,111.3
202681,Kyrie Irving,DAL,22,110.9
1629023,P.J. Washington,DAL,22,110.4
203957,Danté Exum,DAL,21,106.5
1641726,Dereck Lively II,DAL,21,105.4
1630202,Payton Pritchard,BOS,19,108.6
201950,Jrue Holiday,BOS,19,107.3
1628401,Derrick White,BOS,19,108.1
1627759,Jaylen Brown,BOS,19,109.9
1630573,Sam Hauser,BOS,19,102.2
1630702,Jaden Hardy,DAL,19,106.0
201143,Al Horford,BOS,19,106.6
1628369,Jayson Tatum,BOS,19,108.6
1627783,Pascal Siakam,IND,17,117.5
1630174,Aaron Nesmith,IND,17,117.7
1630167,Obi Toppin,IND,17,113.6
204456,T.J. McConnell,IND,17,113.9
1629614,Andrew Nembhard,IND,17,119.4
1626167,Myles Turner,IND,17,119.0
1641767,Ben Sheppard,IND,17,113.8
1629638,Nickeil Alexander-Walker,MIN,16,110.7
1630183,Jaden McDaniels,MIN,16,111.5
1629675,Naz Reid,MIN,16,113.4
1626157,Karl-Anthony Towns,MIN,16,111.7
1630162,Anthony Edwards,MIN,16,110.6
201144,Mike Conley,MIN,15,110.9
203937,Kyle Anderson,MIN,15,112.7
203497,Rudy Gobert,MIN,15,109.3
1630169,Tyrese Haliburton,IND,15,116.9
1630543,Isaiah Jackson,IND,15,109.9
203501,Tim Hardaway Jr.,DAL,14,113.4
1628973,Jalen Brunson,NYK,13,118.2
1628392,Isaiah Hartenstein,NYK,13,128.2
1628978,Donte DiVincenzo,NYK,13,125.6
203939,Dwight Powell,DAL,13,95.6
1630540,Miles McBride,NYK,13,117.9
1628404,Josh Hart,NYK,13,122.3
1628467,Maxi Kleber,DAL,13,109.8
1628436,Luke Kornet,BOS,13,111.4
1627750,Jamal Murray,DEN,12,114.1
203484,Kentavious Caldwell-Pope,DEN,12,113.0
203200,Justin Holiday,DEN,12,94.4
1630171,Isaac Okoro,CLE,12,105.6
1629636,Darius Garland,CLE,12,110.6
203932,Aaron Gordon,DEN,12,112.9
202704,Reggie Jackson,DEN,12,98.8
1629622,Max Strus,CLE,12,111.7
1631128,Christian Braun,DEN,12,98.5
1630596,Evan Mobley,CLE,12,108.4
1629008,Michael Porter Jr.,DEN,12,114.4
203999,Nikola Jokić,DEN,12,111.1
1627747,Caris LeVert,CLE,11,108.7
1629652,Luguentz Dort,OKC,10,104.9
1629052,Oshae Brissett,BOS,10,93.7
1630581,Josh Giddey,OKC,10,98.9
1631212,Peyton Watson,DEN,10,101.6
1630241,Sam Merrill,CLE,10,113.3
1628983,Shai Gilgeous-Alexander,OKC,10,104.4
202684,Tristan Thompson,CLE,10,107.4
1630639,A.J. Lawson,DAL,10,109.8
203926,Doug McDermott,IND,10,113.7
1631114,Jalen Williams,OKC,10,104.7
1630598,Aaron Wiggins,OKC,10,100.0
1641717,Cason Wallace,OKC,10,97.8
1631119,Jaylin Williams,OKC,10,105.8
1631096,Chet Holmgren,OKC,10,102.0
1628378,Donovan Mitchell,CLE,10,106.7
1627777,Georges Niang,CLE,10,113.0
1630198,Isaiah Joe,OKC,10,105.4
1630173,Precious Achiuwa,NYK,9,125.4
1641716,Jarace Walker,IND,9,113.3
1628384,OG Anunoby,NYK,9,119.3
1628420,Monté Morris,MIN,9,89.4
202694,Marcus Morris Sr.,CLE,9,114.2
1629004,Svi Mykhailiuk,BOS,8,98.4
1630214,Xavier Tillman,BOS,8,95.5
204001,Kristaps Porziņģis,BOS,7,101.6
202330,Gordon Hayward,OKC,7,85.1
1628976,Wendell Carter Jr.,ORL,7,100.5
204060,Joe Ingles,ORL,7,97.7
1631094,Paolo Banchero,ORL,7,99.1
1630175,Cole Anthony,ORL,7,94.0
1631112,Kendall Brown,IND,7,110.2
1630532,Franz Wagner,ORL,7,98.5
1629021,Moritz Wagner,ORL,7,87.6
1629026,Kenrich Williams,OKC,7,101.6
1628371,Jonathan Isaac,ORL,7,98.7
1630188,Jalen Smith,IND,7,123.9
1628365,Markelle Fultz,ORL,7,90.0
1630591,Jalen Suggs,ORL,7,99.4
1630568,Luka Garza,MIN,7,68.6
201566,Russell Westbrook,LAC,6,108.6
1626192,Pat Connaughton,MIL,6,110.1
201976,Patrick Beverley,MIL,6,121.6
202331,Paul George,LAC,6,115.7
201572,Brook Lopez,MIL,6,125.3
1626171,Bobby Portis,MIL,6,114.7
203486,Mason Plumlee,LAC,6,109.4
1629611,Terance Mann,LAC,6,113.9
200768,Kyle Lowry,PHI,6,114.4
202699,Tobias Harris,PHI,6,115.9
202692,Alec Burks,NYK,6,128.5
203954,Joel Embiid,PHI,6,114.8
1630178,Tyrese Maxey,PHI,6,118.2
1631111,Wendell Moore Jr.,MIN,6,73.0
1629599,Amir Coffey,LAC,6,112.9
1630194,Paul Reed,PHI,6,125.9
1627826,Ivica Zubac,LAC,6,111.2
201587,Nicolas Batum,PHI,6,114.6
201935,James Harden,LAC,6,117.2
203914,Gary Harris,ORL,6,98.5
1629011,Mitchell Robinson,NYK,6,106.6
1627736,Malik Beasley,MIL,6,119.4
203114,Khris Middleton,MIL,6,116.9
1629162,Jordan McLaughlin,MIN,6,81.4
1631260,AJ Green,MIL,6,111.6
1626162,Kelly Oubre Jr.,PHI,6,115.1
1626181,Norman Powell,LAC,6,114.9
1631107,Nikola Jović,MIA,5,116.4
1629130,Duncan Robinson,MIA,5,129.9
1626156,D'Angelo Russell,LAL,5,107.6
1629216,Gabe Vincent,LAL,5,111.3
1629639,Tyler Herro,MIA,5,114.4
201567,Kevin Love,MIA,5,150.0
1629312,Haywood Highsmith,MIA,5,119.0
1626166,Cameron Payne,PHI,5,110.3
1627752,Taurean Prince,LAL,5,108.3
1630579,Jericho Sims,NYK,5,78.9
1641748,Andre Jackson Jr.,MIL,5,106.6
2544,LeBron James,LAL,5,113.2
203915,Spencer Dinwiddie,LAL,5,109.8
1631169,Josh Minott,MIN,5,70.3
1630559,Austin Reaves,LAL,5,116.3
1628389,Bam Adebayo,MIA,5,113.8
1628997,Caleb Martin,MIA,5,117.6
1629060,Rui Hachimura,LAL,5,115.2
203076,Anthony Davis,LAL,5,114.8
