PLAYER_ID,PLAYER_NAME,TEAM_ABBREVIATION,TEAM_ID,GP,PTS,FG_PCT,DREB,DEF_RATING,DEF_WS,Salary
1630182,Josh Green,DAL,1610612742,22,5,0.424,1.6,109.7,-0.477,12654321
1627884,Derrick Jones Jr.,DAL,1610612742,22,9.1,0.481,2,107.8,-0.724,9523810
1629029,Luka Don??i??,DAL,1610612742,22,28.9,0.446,8.7,109.4,-1.023,43031940
1629655,Daniel Gafford,DAL,1610612742,22,9,0.634,3.6,111.3,-0.538,13394160
202681,Kyrie Irving,DAL,1610612742,22,22.1,0.467,2.7,110.9,-1.033,41000000
1629023,P.J. Washington,DAL,1610612742,22,13,0.427,5.1,110.4,-0.922,15500000
203957,Dant?? Exum,DAL,1610612742,21,2,0.364,0.7,106.5,-0.17,3150000
1641726,Dereck Lively II,DAL,1610612742,21,7.9,0.674,4.7,105.4,-0.519,5014560
1630202,Payton Pritchard,BOS,1610612738,19,6.4,0.419,1.2,108.6,-0.471,6696429
201950,Jrue Holiday,BOS,1610612738,19,13.2,0.503,4.2,107.3,-0.921,30000000
1628401,Derrick White,BOS,1610612738,19,16.7,0.452,3.3,108.1,-0.89,20071429
1627759,Jaylen Brown,BOS,1610612738,19,23.9,0.516,4.8,109.9,-0.959,49700000
1630573,Sam Hauser,BOS,1610612738,19,5.4,0.429,1.7,102.2,-0.322,2092344
1630702,Jaden Hardy,DAL,1610612742,19,4.2,0.426,0.7,106,-0.169,2019699
201143,Al Horford,BOS,1610612738,19,9.2,0.478,5.2,106.6,-0.72,9500000
1628369,Jayson Tatum,BOS,1610612738,19,25,0.427,8.8,108.6,-1.006,34848340
1627783,Pascal Siakam,IND,1610612754,17,21.6,0.541,5.1,117.5,-1.063,42176400
1630174,Aaron Nesmith,IND,1610612754,17,10.5,0.433,3.8,117.7,-0.992,11000000
1630167,Obi Toppin,IND,1610612754,17,10.9,0.541,3.8,113.6,-0.586,12975000
204456,T.J. McConnell,IND,1610612754,17,11.8,0.486,2.4,113.9,-0.595,9300000
1629614,Andrew Nembhard,IND,1610612754,17,14.9,0.56,2.5,119.4,-1.002,2019699
1626167,Myles Turner,IND,1610612754,17,17,0.517,5.1,119,-0.986,19928500
1641767,Ben Sheppard,IND,1610612754,17,5.2,0.437,2.4,113.8,-0.572,2663880
1629638,Nickeil Alexander-Walker,MIN,1610612750,16,7.3,0.366,1.4,110.7,-0.632,4312500
1630183,Jaden McDaniels,MIN,1610612750,16,12.2,0.514,2.1,111.5,-0.883,23017242
1629675,Naz Reid,MIN,1610612750,16,11.1,0.458,3.1,113.4,-0.631,13986432
1626157,Karl-Anthony Towns,MIN,1610612750,16,19.1,0.466,6.8,111.7,-0.866,49205800
1630162,Anthony Edwards,MIN,1610612750,16,27.6,0.481,5.9,110.6,-1.05,42176400
201144,Mike Conley,MIN,1610612750,15,11.6,0.428,3.2,110.9,-0.808,9975962
203937,Kyle Anderson,MIN,1610612750,15,4.3,0.456,1.5,112.7,-0.431,8780488
203497,Rudy Gobert,MIN,1610612750,15,12.1,0.615,7.1,109.3,-0.863,43827586
1630169,Tyrese Haliburton,IND,1610612754,15,18.7,0.488,4,116.9,-1.027,42176400
1630543,Isaiah Jackson,IND,1610612754,15,3.8,0.535,1.8,109.9,-0.273,4435381
203501,Tim Hardaway Jr.,DAL,1610612742,14,4.4,0.379,1.6,113.4,-0.361,16193183
1628973,Jalen Brunson,NYK,1610612752,13,32.4,0.444,2.7,118.2,-1.197,24960001
1628392,Isaiah Hartenstein,NYK,1610612752,13,8.5,0.592,4.1,128.2,-1.047,30000000
1628978,Donte DiVincenzo,NYK,1610612752,13,17.8,0.419,3,125.6,-1.234,11445000
203939,Dwight Powell,DAL,1610612742,13,0.5,0.333,0.7,95.6,-0.063,4000000
1630540,Miles McBride,NYK,1610612752,13,11,0.435,1.7,117.9,-0.815,4710144
1628404,Josh Hart,NYK,1610612752,13,14.5,0.44,8.7,122.3,-1.363,18144000
1628467,Maxi Kleber,DAL,1610612742,13,3.7,0.41,1.6,109.8,-0.439,11000000
1628436,Luke Kornet,BOS,1610612738,13,3,0.667,1.7,111.4,-0.277,2087519
1627750,Jamal Murray,DEN,1610612743,12,20.6,0.402,3.6,114.1,-1.068,36016200
203484,Kentavious Caldwell-Pope,DEN,1610612743,12,8.1,0.395,2.5,113,-0.966,22757000
1630171,Isaac Okoro,CLE,1610612739,12,5.5,0.357,1.3,105.6,-0.529,10185186
1629636,Darius Garland,CLE,1610612739,12,15.7,0.427,3.5,110.6,-0.938,36725670
203932,Aaron Gordon,DEN,1610612743,12,14.3,0.585,4.3,112.9,-1.016,22841455
202704,Reggie Jackson,DEN,1610612743,12,3.5,0.333,1.1,98.8,-0.201,4033748
202704,Reggie Jackson,DEN,1610612743,12,3.5,0.333,1.1,98.8,-0.201,4033748
1629622,Max Strus,CLE,1610612739,12,9.5,0.408,4.7,111.7,-0.959,15212068
1631128,Christian Braun,DEN,1610612743,12,5.1,0.426,1.9,98.5,-0.328,3089640
1630596,Evan Mobley,CLE,1610612739,12,16,0.555,6.8,108.4,-0.879,11227657
1629008,Michael Porter Jr.,DEN,1610612743,12,15.8,0.466,6.2,114.4,-1.037,35859950
203999,Nikola Joki??,DEN,1610612743,12,28.7,0.545,9.8,111.1,-1.066,51415938
1627747,Caris LeVert,CLE,1610612739,11,10.1,0.431,2.9,108.7,-0.628,16615384
1629652,Luguentz Dort,OKC,1610612760,10,10.7,0.363,2.7,104.9,-0.8,16500000
1630581,Josh Giddey,OKC,1610612760,10,8.7,0.453,2.9,98.9,-0.366,8352367
1631212,Peyton Watson,DEN,1610612743,10,1.8,0.25,1.3,101.6,-0.2,2413560
1630241,Sam Merrill,CLE,1610612739,10,3.3,0.345,1,113.3,-0.338,2164993
1628983,Shai Gilgeous-Alexander,OKC,1610612760,10,30.2,0.496,6.4,104.4,-0.899,35859950
202684,Tristan Thompson,CLE,1610612739,10,1.5,0.438,1,107.4,-0.218,2087519
203926,Doug McDermott,IND,1610612754,10,1.3,0.455,0.1,113.7,-0.185,2087519
1631114,Jalen Williams,OKC,1610612760,10,18.7,0.469,5.5,104.7,-0.865,4775760
1630598,Aaron Wiggins,OKC,1610612760,10,6.2,0.489,2.3,100,-0.318,10514017
1641717,Cason Wallace,OKC,1610612760,10,4.2,0.39,0.6,97.8,-0.382,5555880
1631119,Jaylin Williams,OKC,1610612760,10,4.4,0.485,2.8,105.8,-0.303,2019699
1631096,Chet Holmgren,OKC,1610612760,10,15.6,0.496,5.8,102,-0.753,10880640
1628378,Donovan Mitchell,CLE,1610612739,10,29.6,0.476,4.8,106.7,-0.924,35410310
1627777,Georges Niang,CLE,1610612739,10,2.8,0.22,0.9,113,-0.333,8500000
1630198,Isaiah Joe,OKC,1610612760,10,6.4,0.444,1.8,105.4,-0.405,12991650
1630173,Precious Achiuwa,NYK,1610612752,9,5.2,0.488,1.8,125.4,-0.697,6000000
1641716,Jarace Walker,IND,1610612754,9,0.9,0.3,0.3,113.3,-0.093,6362520
1628384,OG Anunoby,NYK,1610612752,9,15.1,0.505,5.2,119.3,-1.111,36637932
1628420,Mont?? Morris,MIN,1610612750,9,2.3,0.3,0.6,89.4,-0.115,2087519
1629004,Svi Mykhailiuk,BOS,1610612738,8,1,0.25,0.5,98.4,-0.078,3500000
1630214,Xavier Tillman,BOS,1610612738,8,1.5,0.625,1.3,95.5,-0.152,2237691
204001,Kristaps Porzi????is,BOS,1610612738,7,12.3,0.467,3.9,101.6,-0.493,29268293
1628976,Wendell Carter Jr.,ORL,1610612753,7,7.6,0.404,5,100.5,-0.544,11950000
204060,Joe Ingles,ORL,1610612753,7,1.6,0.333,1.6,97.7,-0.179,2087519
1631094,Paolo Banchero,ORL,1610612753,7,27,0.456,6.6,99.1,-0.741,12160800
1630175,Cole Anthony,ORL,1610612753,7,5.1,0.317,1.9,94,-0.241,12900000
1630532,Franz Wagner,ORL,1610612753,7,18.9,0.408,5.4,98.5,-0.723,7007092
1629021,Moritz Wagner,ORL,1610612753,7,6.3,0.444,2.9,87.6,-0.199,11000000
1629026,Kenrich Williams,OKC,1610612760,7,0.6,0.25,1,101.6,-0.095,6669000
1628371,Jonathan Isaac,ORL,1610612753,7,6.3,0.41,3.4,98.7,-0.423,25000000
1630188,Jalen Smith,IND,1610612754,7,1.9,0.375,1,123.9,-0.214,8571429
1630591,Jalen Suggs,ORL,1610612753,7,14.7,0.402,3.6,99.4,-0.668,9188385
1630568,Luka Garza,MIN,1610612750,7,4.1,0.833,0.6,68.6,-0.01,2162606
